"1","Otu0001","S12_both","Sub.1"
"2","Otu0002","S12_both","Sub.1"
"3","Otu0004","S12_both","Sub.1"
"4","Otu0005","S12_both","Sub.1"
"5","Otu0006","S12_both","Sub.1"
"6","Otu0007","S12_both","Sub.1"
"7","Otu0011","S12_both","Sub.1"
"8","Otu0013","S12_both","Sub.1"
"9","Otu0014","S12_both","Sub.1"
"10","Otu0015","S12_both","Sub.1"
"11","Otu0016","S12_both","Sub.1"
"12","Otu0017","S12_both","Sub.1"
"13","Otu0019","S12_both","Sub.1"
"14","Otu0020","S12_both","Sub.1"
"15","Otu0025","S12_both","Sub.1"
"16","Otu0026","S12_both","Sub.1"
"17","Otu0027","S12_both","Sub.1"
"18","Otu0028","S12_both","Sub.1"
"19","Otu0037","S12_both","Sub.1"
"20","Otu0044","S12_both","Sub.1"
"21","Otu0046","S12_both","Sub.1"
"22","Otu0047","S12_both","Sub.1"
"23","Otu0049","S12_both","Sub.1"
"24","Otu0051","S12_both","Sub.1"
"25","Otu0059","S12_both","Sub.1"
"26","Otu0063","S12_both","Sub.1"
"27","Otu0068","S12_both","Sub.1"
"28","Otu0070","S12_both","Sub.1"
"29","Otu0071","S12_both","Sub.1"
"30","Otu0072","S12_both","Sub.1"
"31","Otu0074","S12_both","Sub.1"
"32","Otu0075","S12_both","Sub.1"
"33","Otu0082","S12_both","Sub.1"
"34","Otu0084","S12_both","Sub.1"
"35","Otu0085","S12_both","Sub.1"
"36","Otu0088","S12_both","Sub.1"
"37","Otu0092","S12_both","Sub.1"
"38","Otu0094","S12_both","Sub.1"
"39","Otu0099","S12_both","Sub.1"
"40","Otu0102","S12_both","Sub.1"
"41","Otu0103","S12_both","Sub.1"
"42","Otu0108","S12_both","Sub.1"
"43","Otu0109","S12_both","Sub.1"
"44","Otu0112","S12_both","Sub.1"
"45","Otu0117","S12_both","Sub.1"
"46","Otu0121","S12_both","Sub.1"
"47","Otu0122","S12_both","Sub.1"
"48","Otu0123","S12_both","Sub.1"
"49","Otu0136","S12_both","Sub.1"
"50","Otu0143","S12_both","Sub.1"
"51","Otu0144","S12_both","Sub.1"
"52","Otu0147","S12_both","Sub.1"
"53","Otu0148","S12_both","Sub.1"
"54","Otu0151","S12_both","Sub.1"
"55","Otu0154","S12_both","Sub.1"
"56","Otu0156","S12_both","Sub.1"
"57","Otu0157","S12_both","Sub.1"
"58","Otu0160","S12_both","Sub.1"
"59","Otu0162","S12_both","Sub.1"
"60","Otu0188","S12_both","Sub.1"
"61","Otu0202","S12_both","Sub.1"
"62","Otu0207","S12_both","Sub.1"
"63","Otu0240","S12_both","Sub.1"
"64","Otu0257","S12_both","Sub.1"
"65","Otu0263","S12_both","Sub.1"
"66","Otu0293","S12_both","Sub.1"
"67","Otu0350","S12_both","Sub.1"
"68","Otu0395","S12_both","Sub.1"
"69","Otu0001","S2M_both","Sub.1"
"70","Otu0002","S2M_both","Sub.1"
"71","Otu0004","S2M_both","Sub.1"
"72","Otu0005","S2M_both","Sub.1"
"73","Otu0006","S2M_both","Sub.1"
"74","Otu0007","S2M_both","Sub.1"
"75","Otu0011","S2M_both","Sub.1"
"76","Otu0013","S2M_both","Sub.1"
"77","Otu0014","S2M_both","Sub.1"
"78","Otu0015","S2M_both","Sub.1"
"79","Otu0016","S2M_both","Sub.1"
"80","Otu0017","S2M_both","Sub.1"
"81","Otu0019","S2M_both","Sub.1"
"82","Otu0020","S2M_both","Sub.1"
"83","Otu0023","S2M_both","Sub.1"
"84","Otu0026","S2M_both","Sub.1"
"85","Otu0027","S2M_both","Sub.1"
"86","Otu0028","S2M_both","Sub.1"
"87","Otu0044","S2M_both","Sub.1"
"88","Otu0047","S2M_both","Sub.1"
"89","Otu0049","S2M_both","Sub.1"
"90","Otu0051","S2M_both","Sub.1"
"91","Otu0059","S2M_both","Sub.1"
"92","Otu0063","S2M_both","Sub.1"
"93","Otu0068","S2M_both","Sub.1"
"94","Otu0070","S2M_both","Sub.1"
"95","Otu0071","S2M_both","Sub.1"
"96","Otu0074","S2M_both","Sub.1"
"97","Otu0075","S2M_both","Sub.1"
"98","Otu0084","S2M_both","Sub.1"
"99","Otu0085","S2M_both","Sub.1"
"100","Otu0088","S2M_both","Sub.1"
"101","Otu0092","S2M_both","Sub.1"
"102","Otu0094","S2M_both","Sub.1"
"103","Otu0099","S2M_both","Sub.1"
"104","Otu0102","S2M_both","Sub.1"
"105","Otu0103","S2M_both","Sub.1"
"106","Otu0104","S2M_both","Sub.1"
"107","Otu0109","S2M_both","Sub.1"
"108","Otu0121","S2M_both","Sub.1"
"109","Otu0122","S2M_both","Sub.1"
"110","Otu0123","S2M_both","Sub.1"
"111","Otu0136","S2M_both","Sub.1"
"112","Otu0143","S2M_both","Sub.1"
"113","Otu0144","S2M_both","Sub.1"
"114","Otu0147","S2M_both","Sub.1"
"115","Otu0148","S2M_both","Sub.1"
"116","Otu0154","S2M_both","Sub.1"
"117","Otu0156","S2M_both","Sub.1"
"118","Otu0157","S2M_both","Sub.1"
"119","Otu0160","S2M_both","Sub.1"
"120","Otu0195","S2M_both","Sub.1"
"121","Otu0198","S2M_both","Sub.1"
"122","Otu0202","S2M_both","Sub.1"
"123","Otu0221","S2M_both","Sub.1"
"124","Otu0230","S2M_both","Sub.1"
"125","Otu0235","S2M_both","Sub.1"
"126","Otu0245","S2M_both","Sub.1"
"127","Otu0249","S2M_both","Sub.1"
"128","Otu0255","S2M_both","Sub.1"
"129","Otu0263","S2M_both","Sub.1"
"130","Otu0025","S2M_S2only","Sub.1"
"131","Otu0037","S2M_S2only","Sub.1"
"132","Otu0046","S2M_S2only","Sub.1"
"133","Otu0072","S2M_S2only","Sub.1"
"134","Otu0082","S2M_S2only","Sub.1"
"135","Otu0108","S2M_S2only","Sub.1"
"136","Otu0117","S2M_S2only","Sub.1"
"137","Otu0151","S2M_S2only","Sub.1"
"138","Otu0162","S2M_S2only","Sub.1"
"139","Otu0240","S2M_S2only","Sub.1"
"140","Otu0257","S2M_S2only","Sub.1"
"141","Otu0350","S2M_S2only","Sub.1"
"142","Otu0395","S2M_S2only","Sub.1"
"143","Otu0192","S2M_Monly","Sub.1"
"144","Otu0315","S2M_Monly","Sub.1"
"145","Otu0387","S2M_Monly","Sub.1"
"146","Otu0001","S12_both","Sub.2"
"147","Otu0003","S12_both","Sub.2"
"148","Otu0005","S12_both","Sub.2"
"149","Otu0006","S12_both","Sub.2"
"150","Otu0007","S12_both","Sub.2"
"151","Otu0010","S12_both","Sub.2"
"152","Otu0011","S12_both","Sub.2"
"153","Otu0013","S12_both","Sub.2"
"154","Otu0016","S12_both","Sub.2"
"155","Otu0021","S12_both","Sub.2"
"156","Otu0025","S12_both","Sub.2"
"157","Otu0026","S12_both","Sub.2"
"158","Otu0027","S12_both","Sub.2"
"159","Otu0030","S12_both","Sub.2"
"160","Otu0032","S12_both","Sub.2"
"161","Otu0033","S12_both","Sub.2"
"162","Otu0034","S12_both","Sub.2"
"163","Otu0035","S12_both","Sub.2"
"164","Otu0036","S12_both","Sub.2"
"165","Otu0037","S12_both","Sub.2"
"166","Otu0040","S12_both","Sub.2"
"167","Otu0041","S12_both","Sub.2"
"168","Otu0043","S12_both","Sub.2"
"169","Otu0044","S12_both","Sub.2"
"170","Otu0046","S12_both","Sub.2"
"171","Otu0049","S12_both","Sub.2"
"172","Otu0050","S12_both","Sub.2"
"173","Otu0054","S12_both","Sub.2"
"174","Otu0056","S12_both","Sub.2"
"175","Otu0057","S12_both","Sub.2"
"176","Otu0059","S12_both","Sub.2"
"177","Otu0060","S12_both","Sub.2"
"178","Otu0062","S12_both","Sub.2"
"179","Otu0064","S12_both","Sub.2"
"180","Otu0065","S12_both","Sub.2"
"181","Otu0069","S12_both","Sub.2"
"182","Otu0070","S12_both","Sub.2"
"183","Otu0073","S12_both","Sub.2"
"184","Otu0079","S12_both","Sub.2"
"185","Otu0080","S12_both","Sub.2"
"186","Otu0082","S12_both","Sub.2"
"187","Otu0083","S12_both","Sub.2"
"188","Otu0087","S12_both","Sub.2"
"189","Otu0088","S12_both","Sub.2"
"190","Otu0095","S12_both","Sub.2"
"191","Otu0097","S12_both","Sub.2"
"192","Otu0098","S12_both","Sub.2"
"193","Otu0105","S12_both","Sub.2"
"194","Otu0106","S12_both","Sub.2"
"195","Otu0107","S12_both","Sub.2"
"196","Otu0111","S12_both","Sub.2"
"197","Otu0112","S12_both","Sub.2"
"198","Otu0113","S12_both","Sub.2"
"199","Otu0125","S12_both","Sub.2"
"200","Otu0128","S12_both","Sub.2"
"201","Otu0131","S12_both","Sub.2"
"202","Otu0133","S12_both","Sub.2"
"203","Otu0134","S12_both","Sub.2"
"204","Otu0135","S12_both","Sub.2"
"205","Otu0145","S12_both","Sub.2"
"206","Otu0149","S12_both","Sub.2"
"207","Otu0157","S12_both","Sub.2"
"208","Otu0159","S12_both","Sub.2"
"209","Otu0165","S12_both","Sub.2"
"210","Otu0166","S12_both","Sub.2"
"211","Otu0171","S12_both","Sub.2"
"212","Otu0172","S12_both","Sub.2"
"213","Otu0182","S12_both","Sub.2"
"214","Otu0183","S12_both","Sub.2"
"215","Otu0184","S12_both","Sub.2"
"216","Otu0186","S12_both","Sub.2"
"217","Otu0189","S12_both","Sub.2"
"218","Otu0190","S12_both","Sub.2"
"219","Otu0191","S12_both","Sub.2"
"220","Otu0211","S12_both","Sub.2"
"221","Otu0223","S12_both","Sub.2"
"222","Otu0237","S12_both","Sub.2"
"223","Otu0243","S12_both","Sub.2"
"224","Otu0269","S12_both","Sub.2"
"225","Otu0278","S12_both","Sub.2"
"226","Otu0318","S12_both","Sub.2"
"227","Otu0001","S2M_both","Sub.2"
"228","Otu0002","S2M_both","Sub.2"
"229","Otu0003","S2M_both","Sub.2"
"230","Otu0004","S2M_both","Sub.2"
"231","Otu0005","S2M_both","Sub.2"
"232","Otu0006","S2M_both","Sub.2"
"233","Otu0007","S2M_both","Sub.2"
"234","Otu0008","S2M_both","Sub.2"
"235","Otu0010","S2M_both","Sub.2"
"236","Otu0011","S2M_both","Sub.2"
"237","Otu0012","S2M_both","Sub.2"
"238","Otu0013","S2M_both","Sub.2"
"239","Otu0014","S2M_both","Sub.2"
"240","Otu0016","S2M_both","Sub.2"
"241","Otu0017","S2M_both","Sub.2"
"242","Otu0019","S2M_both","Sub.2"
"243","Otu0020","S2M_both","Sub.2"
"244","Otu0021","S2M_both","Sub.2"
"245","Otu0025","S2M_both","Sub.2"
"246","Otu0026","S2M_both","Sub.2"
"247","Otu0027","S2M_both","Sub.2"
"248","Otu0028","S2M_both","Sub.2"
"249","Otu0030","S2M_both","Sub.2"
"250","Otu0031","S2M_both","Sub.2"
"251","Otu0032","S2M_both","Sub.2"
"252","Otu0033","S2M_both","Sub.2"
"253","Otu0034","S2M_both","Sub.2"
"254","Otu0035","S2M_both","Sub.2"
"255","Otu0036","S2M_both","Sub.2"
"256","Otu0037","S2M_both","Sub.2"
"257","Otu0040","S2M_both","Sub.2"
"258","Otu0041","S2M_both","Sub.2"
"259","Otu0043","S2M_both","Sub.2"
"260","Otu0044","S2M_both","Sub.2"
"261","Otu0048","S2M_both","Sub.2"
"262","Otu0050","S2M_both","Sub.2"
"263","Otu0052","S2M_both","Sub.2"
"264","Otu0054","S2M_both","Sub.2"
"265","Otu0055","S2M_both","Sub.2"
"266","Otu0057","S2M_both","Sub.2"
"267","Otu0058","S2M_both","Sub.2"
"268","Otu0059","S2M_both","Sub.2"
"269","Otu0062","S2M_both","Sub.2"
"270","Otu0063","S2M_both","Sub.2"
"271","Otu0064","S2M_both","Sub.2"
"272","Otu0065","S2M_both","Sub.2"
"273","Otu0073","S2M_both","Sub.2"
"274","Otu0074","S2M_both","Sub.2"
"275","Otu0075","S2M_both","Sub.2"
"276","Otu0076","S2M_both","Sub.2"
"277","Otu0078","S2M_both","Sub.2"
"278","Otu0082","S2M_both","Sub.2"
"279","Otu0086","S2M_both","Sub.2"
"280","Otu0087","S2M_both","Sub.2"
"281","Otu0088","S2M_both","Sub.2"
"282","Otu0093","S2M_both","Sub.2"
"283","Otu0098","S2M_both","Sub.2"
"284","Otu0099","S2M_both","Sub.2"
"285","Otu0102","S2M_both","Sub.2"
"286","Otu0103","S2M_both","Sub.2"
"287","Otu0105","S2M_both","Sub.2"
"288","Otu0106","S2M_both","Sub.2"
"289","Otu0107","S2M_both","Sub.2"
"290","Otu0113","S2M_both","Sub.2"
"291","Otu0119","S2M_both","Sub.2"
"292","Otu0122","S2M_both","Sub.2"
"293","Otu0127","S2M_both","Sub.2"
"294","Otu0128","S2M_both","Sub.2"
"295","Otu0131","S2M_both","Sub.2"
"296","Otu0135","S2M_both","Sub.2"
"297","Otu0145","S2M_both","Sub.2"
"298","Otu0150","S2M_both","Sub.2"
"299","Otu0157","S2M_both","Sub.2"
"300","Otu0159","S2M_both","Sub.2"
"301","Otu0161","S2M_both","Sub.2"
"302","Otu0166","S2M_both","Sub.2"
"303","Otu0181","S2M_both","Sub.2"
"304","Otu0182","S2M_both","Sub.2"
"305","Otu0183","S2M_both","Sub.2"
"306","Otu0189","S2M_both","Sub.2"
"307","Otu0190","S2M_both","Sub.2"
"308","Otu0209","S2M_both","Sub.2"
"309","Otu0211","S2M_both","Sub.2"
"310","Otu0219","S2M_both","Sub.2"
"311","Otu0237","S2M_both","Sub.2"
"312","Otu0269","S2M_both","Sub.2"
"313","Otu0278","S2M_both","Sub.2"
"314","Otu0308","S2M_both","Sub.2"
"315","Otu0361","S2M_both","Sub.2"
"316","Otu0362","S2M_both","Sub.2"
"317","Otu0046","S2M_S2only","Sub.2"
"318","Otu0049","S2M_S2only","Sub.2"
"319","Otu0056","S2M_S2only","Sub.2"
"320","Otu0060","S2M_S2only","Sub.2"
"321","Otu0069","S2M_S2only","Sub.2"
"322","Otu0079","S2M_S2only","Sub.2"
"323","Otu0080","S2M_S2only","Sub.2"
"324","Otu0083","S2M_S2only","Sub.2"
"325","Otu0095","S2M_S2only","Sub.2"
"326","Otu0097","S2M_S2only","Sub.2"
"327","Otu0111","S2M_S2only","Sub.2"
"328","Otu0112","S2M_S2only","Sub.2"
"329","Otu0125","S2M_S2only","Sub.2"
"330","Otu0133","S2M_S2only","Sub.2"
"331","Otu0134","S2M_S2only","Sub.2"
"332","Otu0149","S2M_S2only","Sub.2"
"333","Otu0165","S2M_S2only","Sub.2"
"334","Otu0171","S2M_S2only","Sub.2"
"335","Otu0172","S2M_S2only","Sub.2"
"336","Otu0184","S2M_S2only","Sub.2"
"337","Otu0186","S2M_S2only","Sub.2"
"338","Otu0191","S2M_S2only","Sub.2"
"339","Otu0243","S2M_S2only","Sub.2"
"340","Otu0001","S12_both","Sub.3"
"341","Otu0002","S12_both","Sub.3"
"342","Otu0003","S12_both","Sub.3"
"343","Otu0004","S12_both","Sub.3"
"344","Otu0005","S12_both","Sub.3"
"345","Otu0006","S12_both","Sub.3"
"346","Otu0007","S12_both","Sub.3"
"347","Otu0008","S12_both","Sub.3"
"348","Otu0010","S12_both","Sub.3"
"349","Otu0011","S12_both","Sub.3"
"350","Otu0012","S12_both","Sub.3"
"351","Otu0013","S12_both","Sub.3"
"352","Otu0014","S12_both","Sub.3"
"353","Otu0015","S12_both","Sub.3"
"354","Otu0023","S12_both","Sub.3"
"355","Otu0027","S12_both","Sub.3"
"356","Otu0030","S12_both","Sub.3"
"357","Otu0031","S12_both","Sub.3"
"358","Otu0032","S12_both","Sub.3"
"359","Otu0033","S12_both","Sub.3"
"360","Otu0034","S12_both","Sub.3"
"361","Otu0035","S12_both","Sub.3"
"362","Otu0036","S12_both","Sub.3"
"363","Otu0037","S12_both","Sub.3"
"364","Otu0039","S12_both","Sub.3"
"365","Otu0041","S12_both","Sub.3"
"366","Otu0046","S12_both","Sub.3"
"367","Otu0047","S12_both","Sub.3"
"368","Otu0049","S12_both","Sub.3"
"369","Otu0050","S12_both","Sub.3"
"370","Otu0052","S12_both","Sub.3"
"371","Otu0055","S12_both","Sub.3"
"372","Otu0057","S12_both","Sub.3"
"373","Otu0058","S12_both","Sub.3"
"374","Otu0062","S12_both","Sub.3"
"375","Otu0064","S12_both","Sub.3"
"376","Otu0065","S12_both","Sub.3"
"377","Otu0067","S12_both","Sub.3"
"378","Otu0068","S12_both","Sub.3"
"379","Otu0069","S12_both","Sub.3"
"380","Otu0070","S12_both","Sub.3"
"381","Otu0071","S12_both","Sub.3"
"382","Otu0072","S12_both","Sub.3"
"383","Otu0076","S12_both","Sub.3"
"384","Otu0079","S12_both","Sub.3"
"385","Otu0082","S12_both","Sub.3"
"386","Otu0089","S12_both","Sub.3"
"387","Otu0093","S12_both","Sub.3"
"388","Otu0094","S12_both","Sub.3"
"389","Otu0095","S12_both","Sub.3"
"390","Otu0097","S12_both","Sub.3"
"391","Otu0102","S12_both","Sub.3"
"392","Otu0108","S12_both","Sub.3"
"393","Otu0110","S12_both","Sub.3"
"394","Otu0112","S12_both","Sub.3"
"395","Otu0118","S12_both","Sub.3"
"396","Otu0119","S12_both","Sub.3"
"397","Otu0120","S12_both","Sub.3"
"398","Otu0125","S12_both","Sub.3"
"399","Otu0132","S12_both","Sub.3"
"400","Otu0135","S12_both","Sub.3"
"401","Otu0139","S12_both","Sub.3"
"402","Otu0140","S12_both","Sub.3"
"403","Otu0145","S12_both","Sub.3"
"404","Otu0159","S12_both","Sub.3"
"405","Otu0167","S12_both","Sub.3"
"406","Otu0177","S12_both","Sub.3"
"407","Otu0183","S12_both","Sub.3"
"408","Otu0186","S12_both","Sub.3"
"409","Otu0193","S12_both","Sub.3"
"410","Otu0203","S12_both","Sub.3"
"411","Otu0205","S12_both","Sub.3"
"412","Otu0211","S12_both","Sub.3"
"413","Otu0214","S12_both","Sub.3"
"414","Otu0225","S12_both","Sub.3"
"415","Otu0226","S12_both","Sub.3"
"416","Otu0228","S12_both","Sub.3"
"417","Otu0241","S12_both","Sub.3"
"418","Otu0275","S12_both","Sub.3"
"419","Otu0281","S12_both","Sub.3"
"420","Otu0300","S12_both","Sub.3"
"421","Otu0329","S12_both","Sub.3"
"422","Otu0367","S12_both","Sub.3"
"423","Otu0404","S12_both","Sub.3"
"424","Otu0521","S12_both","Sub.3"
"425","Otu0001","S2M_both","Sub.3"
"426","Otu0002","S2M_both","Sub.3"
"427","Otu0003","S2M_both","Sub.3"
"428","Otu0004","S2M_both","Sub.3"
"429","Otu0005","S2M_both","Sub.3"
"430","Otu0006","S2M_both","Sub.3"
"431","Otu0007","S2M_both","Sub.3"
"432","Otu0008","S2M_both","Sub.3"
"433","Otu0011","S2M_both","Sub.3"
"434","Otu0012","S2M_both","Sub.3"
"435","Otu0013","S2M_both","Sub.3"
"436","Otu0014","S2M_both","Sub.3"
"437","Otu0015","S2M_both","Sub.3"
"438","Otu0016","S2M_both","Sub.3"
"439","Otu0017","S2M_both","Sub.3"
"440","Otu0019","S2M_both","Sub.3"
"441","Otu0020","S2M_both","Sub.3"
"442","Otu0023","S2M_both","Sub.3"
"443","Otu0024","S2M_both","Sub.3"
"444","Otu0026","S2M_both","Sub.3"
"445","Otu0027","S2M_both","Sub.3"
"446","Otu0028","S2M_both","Sub.3"
"447","Otu0030","S2M_both","Sub.3"
"448","Otu0031","S2M_both","Sub.3"
"449","Otu0032","S2M_both","Sub.3"
"450","Otu0034","S2M_both","Sub.3"
"451","Otu0035","S2M_both","Sub.3"
"452","Otu0044","S2M_both","Sub.3"
"453","Otu0046","S2M_both","Sub.3"
"454","Otu0047","S2M_both","Sub.3"
"455","Otu0049","S2M_both","Sub.3"
"456","Otu0052","S2M_both","Sub.3"
"457","Otu0054","S2M_both","Sub.3"
"458","Otu0055","S2M_both","Sub.3"
"459","Otu0057","S2M_both","Sub.3"
"460","Otu0058","S2M_both","Sub.3"
"461","Otu0062","S2M_both","Sub.3"
"462","Otu0064","S2M_both","Sub.3"
"463","Otu0068","S2M_both","Sub.3"
"464","Otu0070","S2M_both","Sub.3"
"465","Otu0071","S2M_both","Sub.3"
"466","Otu0074","S2M_both","Sub.3"
"467","Otu0076","S2M_both","Sub.3"
"468","Otu0082","S2M_both","Sub.3"
"469","Otu0089","S2M_both","Sub.3"
"470","Otu0092","S2M_both","Sub.3"
"471","Otu0093","S2M_both","Sub.3"
"472","Otu0094","S2M_both","Sub.3"
"473","Otu0095","S2M_both","Sub.3"
"474","Otu0096","S2M_both","Sub.3"
"475","Otu0103","S2M_both","Sub.3"
"476","Otu0108","S2M_both","Sub.3"
"477","Otu0110","S2M_both","Sub.3"
"478","Otu0116","S2M_both","Sub.3"
"479","Otu0119","S2M_both","Sub.3"
"480","Otu0125","S2M_both","Sub.3"
"481","Otu0127","S2M_both","Sub.3"
"482","Otu0132","S2M_both","Sub.3"
"483","Otu0139","S2M_both","Sub.3"
"484","Otu0145","S2M_both","Sub.3"
"485","Otu0158","S2M_both","Sub.3"
"486","Otu0169","S2M_both","Sub.3"
"487","Otu0177","S2M_both","Sub.3"
"488","Otu0181","S2M_both","Sub.3"
"489","Otu0182","S2M_both","Sub.3"
"490","Otu0183","S2M_both","Sub.3"
"491","Otu0193","S2M_both","Sub.3"
"492","Otu0203","S2M_both","Sub.3"
"493","Otu0211","S2M_both","Sub.3"
"494","Otu0215","S2M_both","Sub.3"
"495","Otu0222","S2M_both","Sub.3"
"496","Otu0228","S2M_both","Sub.3"
"497","Otu0265","S2M_both","Sub.3"
"498","Otu0010","S2M_S2only","Sub.3"
"499","Otu0033","S2M_S2only","Sub.3"
"500","Otu0036","S2M_S2only","Sub.3"
"501","Otu0037","S2M_S2only","Sub.3"
"502","Otu0039","S2M_S2only","Sub.3"
"503","Otu0041","S2M_S2only","Sub.3"
"504","Otu0050","S2M_S2only","Sub.3"
"505","Otu0065","S2M_S2only","Sub.3"
"506","Otu0067","S2M_S2only","Sub.3"
"507","Otu0069","S2M_S2only","Sub.3"
"508","Otu0072","S2M_S2only","Sub.3"
"509","Otu0079","S2M_S2only","Sub.3"
"510","Otu0097","S2M_S2only","Sub.3"
"511","Otu0112","S2M_S2only","Sub.3"
"512","Otu0120","S2M_S2only","Sub.3"
"513","Otu0135","S2M_S2only","Sub.3"
"514","Otu0140","S2M_S2only","Sub.3"
"515","Otu0159","S2M_S2only","Sub.3"
"516","Otu0167","S2M_S2only","Sub.3"
"517","Otu0186","S2M_S2only","Sub.3"
"518","Otu0205","S2M_S2only","Sub.3"
"519","Otu0226","S2M_S2only","Sub.3"
"520","Otu0281","S2M_S2only","Sub.3"
"521","Otu0300","S2M_S2only","Sub.3"
"522","Otu0367","S2M_S2only","Sub.3"
"523","Otu0404","S2M_S2only","Sub.3"
"524","Otu0521","S2M_S2only","Sub.3"
"525","Otu0051","S2M_Monly","Sub.3"
"526","Otu0104","S2M_Monly","Sub.3"
"527","Otu0259","S2M_Monly","Sub.3"
"528","Otu0268","S2M_Monly","Sub.3"
"529","Otu0270","S2M_Monly","Sub.3"
"530","Otu0307","S2M_Monly","Sub.3"
"531","Otu0447","S2M_Monly","Sub.3"
"532","Otu0461","S2M_Monly","Sub.3"
"533","Otu0001","S12_both","Sub.4"
"534","Otu0002","S12_both","Sub.4"
"535","Otu0003","S12_both","Sub.4"
"536","Otu0004","S12_both","Sub.4"
"537","Otu0005","S12_both","Sub.4"
"538","Otu0009","S12_both","Sub.4"
"539","Otu0010","S12_both","Sub.4"
"540","Otu0011","S12_both","Sub.4"
"541","Otu0012","S12_both","Sub.4"
"542","Otu0015","S12_both","Sub.4"
"543","Otu0016","S12_both","Sub.4"
"544","Otu0017","S12_both","Sub.4"
"545","Otu0020","S12_both","Sub.4"
"546","Otu0022","S12_both","Sub.4"
"547","Otu0024","S12_both","Sub.4"
"548","Otu0027","S12_both","Sub.4"
"549","Otu0028","S12_both","Sub.4"
"550","Otu0030","S12_both","Sub.4"
"551","Otu0031","S12_both","Sub.4"
"552","Otu0033","S12_both","Sub.4"
"553","Otu0035","S12_both","Sub.4"
"554","Otu0037","S12_both","Sub.4"
"555","Otu0044","S12_both","Sub.4"
"556","Otu0046","S12_both","Sub.4"
"557","Otu0047","S12_both","Sub.4"
"558","Otu0049","S12_both","Sub.4"
"559","Otu0055","S12_both","Sub.4"
"560","Otu0058","S12_both","Sub.4"
"561","Otu0059","S12_both","Sub.4"
"562","Otu0068","S12_both","Sub.4"
"563","Otu0070","S12_both","Sub.4"
"564","Otu0071","S12_both","Sub.4"
"565","Otu0077","S12_both","Sub.4"
"566","Otu0082","S12_both","Sub.4"
"567","Otu0088","S12_both","Sub.4"
"568","Otu0091","S12_both","Sub.4"
"569","Otu0093","S12_both","Sub.4"
"570","Otu0098","S12_both","Sub.4"
"571","Otu0099","S12_both","Sub.4"
"572","Otu0101","S12_both","Sub.4"
"573","Otu0102","S12_both","Sub.4"
"574","Otu0109","S12_both","Sub.4"
"575","Otu0110","S12_both","Sub.4"
"576","Otu0113","S12_both","Sub.4"
"577","Otu0132","S12_both","Sub.4"
"578","Otu0140","S12_both","Sub.4"
"579","Otu0143","S12_both","Sub.4"
"580","Otu0144","S12_both","Sub.4"
"581","Otu0152","S12_both","Sub.4"
"582","Otu0155","S12_both","Sub.4"
"583","Otu0156","S12_both","Sub.4"
"584","Otu0157","S12_both","Sub.4"
"585","Otu0158","S12_both","Sub.4"
"586","Otu0165","S12_both","Sub.4"
"587","Otu0174","S12_both","Sub.4"
"588","Otu0184","S12_both","Sub.4"
"589","Otu0185","S12_both","Sub.4"
"590","Otu0194","S12_both","Sub.4"
"591","Otu0196","S12_both","Sub.4"
"592","Otu0199","S12_both","Sub.4"
"593","Otu0203","S12_both","Sub.4"
"594","Otu0204","S12_both","Sub.4"
"595","Otu0210","S12_both","Sub.4"
"596","Otu0212","S12_both","Sub.4"
"597","Otu0213","S12_both","Sub.4"
"598","Otu0222","S12_both","Sub.4"
"599","Otu0233","S12_both","Sub.4"
"600","Otu0246","S12_both","Sub.4"
"601","Otu0250","S12_both","Sub.4"
"602","Otu0251","S12_both","Sub.4"
"603","Otu0253","S12_both","Sub.4"
"604","Otu0257","S12_both","Sub.4"
"605","Otu0261","S12_both","Sub.4"
"606","Otu0278","S12_both","Sub.4"
"607","Otu0295","S12_both","Sub.4"
"608","Otu0301","S12_both","Sub.4"
"609","Otu0303","S12_both","Sub.4"
"610","Otu0314","S12_both","Sub.4"
"611","Otu0317","S12_both","Sub.4"
"612","Otu0330","S12_both","Sub.4"
"613","Otu0339","S12_both","Sub.4"
"614","Otu0350","S12_both","Sub.4"
"615","Otu0356","S12_both","Sub.4"
"616","Otu0382","S12_both","Sub.4"
"617","Otu0389","S12_both","Sub.4"
"618","Otu0397","S12_both","Sub.4"
"619","Otu0422","S12_both","Sub.4"
"620","Otu0455","S12_both","Sub.4"
"621","Otu0487","S12_both","Sub.4"
"622","Otu0488","S12_both","Sub.4"
"623","Otu0492","S12_both","Sub.4"
"624","Otu0502","S12_both","Sub.4"
"625","Otu0507","S12_both","Sub.4"
"626","Otu0514","S12_both","Sub.4"
"627","Otu0517","S12_both","Sub.4"
"628","Otu0575","S12_both","Sub.4"
"629","Otu0609","S12_both","Sub.4"
"630","Otu0627","S12_both","Sub.4"
"631","Otu0637","S12_both","Sub.4"
"632","Otu0761","S12_both","Sub.4"
"633","Otu0001","S2M_both","Sub.4"
"634","Otu0002","S2M_both","Sub.4"
"635","Otu0003","S2M_both","Sub.4"
"636","Otu0004","S2M_both","Sub.4"
"637","Otu0005","S2M_both","Sub.4"
"638","Otu0010","S2M_both","Sub.4"
"639","Otu0012","S2M_both","Sub.4"
"640","Otu0014","S2M_both","Sub.4"
"641","Otu0015","S2M_both","Sub.4"
"642","Otu0016","S2M_both","Sub.4"
"643","Otu0017","S2M_both","Sub.4"
"644","Otu0019","S2M_both","Sub.4"
"645","Otu0020","S2M_both","Sub.4"
"646","Otu0022","S2M_both","Sub.4"
"647","Otu0024","S2M_both","Sub.4"
"648","Otu0027","S2M_both","Sub.4"
"649","Otu0028","S2M_both","Sub.4"
"650","Otu0031","S2M_both","Sub.4"
"651","Otu0035","S2M_both","Sub.4"
"652","Otu0044","S2M_both","Sub.4"
"653","Otu0046","S2M_both","Sub.4"
"654","Otu0049","S2M_both","Sub.4"
"655","Otu0055","S2M_both","Sub.4"
"656","Otu0058","S2M_both","Sub.4"
"657","Otu0059","S2M_both","Sub.4"
"658","Otu0068","S2M_both","Sub.4"
"659","Otu0070","S2M_both","Sub.4"
"660","Otu0071","S2M_both","Sub.4"
"661","Otu0074","S2M_both","Sub.4"
"662","Otu0077","S2M_both","Sub.4"
"663","Otu0082","S2M_both","Sub.4"
"664","Otu0088","S2M_both","Sub.4"
"665","Otu0091","S2M_both","Sub.4"
"666","Otu0093","S2M_both","Sub.4"
"667","Otu0098","S2M_both","Sub.4"
"668","Otu0099","S2M_both","Sub.4"
"669","Otu0101","S2M_both","Sub.4"
"670","Otu0102","S2M_both","Sub.4"
"671","Otu0104","S2M_both","Sub.4"
"672","Otu0109","S2M_both","Sub.4"
"673","Otu0110","S2M_both","Sub.4"
"674","Otu0113","S2M_both","Sub.4"
"675","Otu0121","S2M_both","Sub.4"
"676","Otu0132","S2M_both","Sub.4"
"677","Otu0143","S2M_both","Sub.4"
"678","Otu0144","S2M_both","Sub.4"
"679","Otu0152","S2M_both","Sub.4"
"680","Otu0155","S2M_both","Sub.4"
"681","Otu0156","S2M_both","Sub.4"
"682","Otu0158","S2M_both","Sub.4"
"683","Otu0165","S2M_both","Sub.4"
"684","Otu0174","S2M_both","Sub.4"
"685","Otu0184","S2M_both","Sub.4"
"686","Otu0185","S2M_both","Sub.4"
"687","Otu0188","S2M_both","Sub.4"
"688","Otu0194","S2M_both","Sub.4"
"689","Otu0199","S2M_both","Sub.4"
"690","Otu0203","S2M_both","Sub.4"
"691","Otu0204","S2M_both","Sub.4"
"692","Otu0210","S2M_both","Sub.4"
"693","Otu0212","S2M_both","Sub.4"
"694","Otu0217","S2M_both","Sub.4"
"695","Otu0222","S2M_both","Sub.4"
"696","Otu0233","S2M_both","Sub.4"
"697","Otu0238","S2M_both","Sub.4"
"698","Otu0246","S2M_both","Sub.4"
"699","Otu0251","S2M_both","Sub.4"
"700","Otu0278","S2M_both","Sub.4"
"701","Otu0297","S2M_both","Sub.4"
"702","Otu0303","S2M_both","Sub.4"
"703","Otu0314","S2M_both","Sub.4"
"704","Otu0317","S2M_both","Sub.4"
"705","Otu0330","S2M_both","Sub.4"
"706","Otu0339","S2M_both","Sub.4"
"707","Otu0370","S2M_both","Sub.4"
"708","Otu0389","S2M_both","Sub.4"
"709","Otu0437","S2M_both","Sub.4"
"710","Otu0487","S2M_both","Sub.4"
"711","Otu0488","S2M_both","Sub.4"
"712","Otu0492","S2M_both","Sub.4"
"713","Otu0502","S2M_both","Sub.4"
"714","Otu0517","S2M_both","Sub.4"
"715","Otu0637","S2M_both","Sub.4"
"716","Otu0009","S2M_S2only","Sub.4"
"717","Otu0011","S2M_S2only","Sub.4"
"718","Otu0030","S2M_S2only","Sub.4"
"719","Otu0033","S2M_S2only","Sub.4"
"720","Otu0037","S2M_S2only","Sub.4"
"721","Otu0140","S2M_S2only","Sub.4"
"722","Otu0157","S2M_S2only","Sub.4"
"723","Otu0213","S2M_S2only","Sub.4"
"724","Otu0250","S2M_S2only","Sub.4"
"725","Otu0253","S2M_S2only","Sub.4"
"726","Otu0257","S2M_S2only","Sub.4"
"727","Otu0295","S2M_S2only","Sub.4"
"728","Otu0301","S2M_S2only","Sub.4"
"729","Otu0350","S2M_S2only","Sub.4"
"730","Otu0356","S2M_S2only","Sub.4"
"731","Otu0382","S2M_S2only","Sub.4"
"732","Otu0397","S2M_S2only","Sub.4"
"733","Otu0422","S2M_S2only","Sub.4"
"734","Otu0455","S2M_S2only","Sub.4"
"735","Otu0507","S2M_S2only","Sub.4"
"736","Otu0627","S2M_S2only","Sub.4"
"737","Otu0761","S2M_S2only","Sub.4"
"738","Otu0008","S2M_Monly","Sub.4"
"739","Otu0162","S2M_Monly","Sub.4"
"740","Otu0221","S2M_Monly","Sub.4"
"741","Otu0363","S2M_Monly","Sub.4"
"742","Otu0372","S2M_Monly","Sub.4"
"743","Otu0001","S12_both","Sub.5"
"744","Otu0003","S12_both","Sub.5"
"745","Otu0005","S12_both","Sub.5"
"746","Otu0006","S12_both","Sub.5"
"747","Otu0007","S12_both","Sub.5"
"748","Otu0010","S12_both","Sub.5"
"749","Otu0011","S12_both","Sub.5"
"750","Otu0012","S12_both","Sub.5"
"751","Otu0013","S12_both","Sub.5"
"752","Otu0016","S12_both","Sub.5"
"753","Otu0018","S12_both","Sub.5"
"754","Otu0021","S12_both","Sub.5"
"755","Otu0023","S12_both","Sub.5"
"756","Otu0025","S12_both","Sub.5"
"757","Otu0026","S12_both","Sub.5"
"758","Otu0027","S12_both","Sub.5"
"759","Otu0030","S12_both","Sub.5"
"760","Otu0032","S12_both","Sub.5"
"761","Otu0033","S12_both","Sub.5"
"762","Otu0034","S12_both","Sub.5"
"763","Otu0035","S12_both","Sub.5"
"764","Otu0036","S12_both","Sub.5"
"765","Otu0037","S12_both","Sub.5"
"766","Otu0039","S12_both","Sub.5"
"767","Otu0040","S12_both","Sub.5"
"768","Otu0041","S12_both","Sub.5"
"769","Otu0042","S12_both","Sub.5"
"770","Otu0044","S12_both","Sub.5"
"771","Otu0046","S12_both","Sub.5"
"772","Otu0049","S12_both","Sub.5"
"773","Otu0050","S12_both","Sub.5"
"774","Otu0056","S12_both","Sub.5"
"775","Otu0061","S12_both","Sub.5"
"776","Otu0062","S12_both","Sub.5"
"777","Otu0067","S12_both","Sub.5"
"778","Otu0069","S12_both","Sub.5"
"779","Otu0070","S12_both","Sub.5"
"780","Otu0072","S12_both","Sub.5"
"781","Otu0073","S12_both","Sub.5"
"782","Otu0076","S12_both","Sub.5"
"783","Otu0077","S12_both","Sub.5"
"784","Otu0078","S12_both","Sub.5"
"785","Otu0079","S12_both","Sub.5"
"786","Otu0080","S12_both","Sub.5"
"787","Otu0082","S12_both","Sub.5"
"788","Otu0090","S12_both","Sub.5"
"789","Otu0092","S12_both","Sub.5"
"790","Otu0093","S12_both","Sub.5"
"791","Otu0095","S12_both","Sub.5"
"792","Otu0097","S12_both","Sub.5"
"793","Otu0105","S12_both","Sub.5"
"794","Otu0117","S12_both","Sub.5"
"795","Otu0118","S12_both","Sub.5"
"796","Otu0125","S12_both","Sub.5"
"797","Otu0128","S12_both","Sub.5"
"798","Otu0133","S12_both","Sub.5"
"799","Otu0135","S12_both","Sub.5"
"800","Otu0139","S12_both","Sub.5"
"801","Otu0149","S12_both","Sub.5"
"802","Otu0156","S12_both","Sub.5"
"803","Otu0159","S12_both","Sub.5"
"804","Otu0165","S12_both","Sub.5"
"805","Otu0179","S12_both","Sub.5"
"806","Otu0182","S12_both","Sub.5"
"807","Otu0193","S12_both","Sub.5"
"808","Otu0206","S12_both","Sub.5"
"809","Otu0210","S12_both","Sub.5"
"810","Otu0211","S12_both","Sub.5"
"811","Otu0212","S12_both","Sub.5"
"812","Otu0216","S12_both","Sub.5"
"813","Otu0223","S12_both","Sub.5"
"814","Otu0226","S12_both","Sub.5"
"815","Otu0228","S12_both","Sub.5"
"816","Otu0231","S12_both","Sub.5"
"817","Otu0250","S12_both","Sub.5"
"818","Otu0302","S12_both","Sub.5"
"819","Otu0336","S12_both","Sub.5"
"820","Otu0351","S12_both","Sub.5"
"821","Otu0375","S12_both","Sub.5"
"822","Otu0388","S12_both","Sub.5"
"823","Otu0402","S12_both","Sub.5"
"824","Otu0453","S12_both","Sub.5"
"825","Otu0481","S12_both","Sub.5"
"826","Otu0503","S12_S1only","Sub.5"
"827","Otu0001","S2M_both","Sub.5"
"828","Otu0002","S2M_both","Sub.5"
"829","Otu0003","S2M_both","Sub.5"
"830","Otu0004","S2M_both","Sub.5"
"831","Otu0005","S2M_both","Sub.5"
"832","Otu0006","S2M_both","Sub.5"
"833","Otu0007","S2M_both","Sub.5"
"834","Otu0008","S2M_both","Sub.5"
"835","Otu0011","S2M_both","Sub.5"
"836","Otu0012","S2M_both","Sub.5"
"837","Otu0013","S2M_both","Sub.5"
"838","Otu0014","S2M_both","Sub.5"
"839","Otu0016","S2M_both","Sub.5"
"840","Otu0017","S2M_both","Sub.5"
"841","Otu0018","S2M_both","Sub.5"
"842","Otu0021","S2M_both","Sub.5"
"843","Otu0023","S2M_both","Sub.5"
"844","Otu0025","S2M_both","Sub.5"
"845","Otu0026","S2M_both","Sub.5"
"846","Otu0027","S2M_both","Sub.5"
"847","Otu0028","S2M_both","Sub.5"
"848","Otu0031","S2M_both","Sub.5"
"849","Otu0032","S2M_both","Sub.5"
"850","Otu0033","S2M_both","Sub.5"
"851","Otu0034","S2M_both","Sub.5"
"852","Otu0035","S2M_both","Sub.5"
"853","Otu0036","S2M_both","Sub.5"
"854","Otu0039","S2M_both","Sub.5"
"855","Otu0040","S2M_both","Sub.5"
"856","Otu0042","S2M_both","Sub.5"
"857","Otu0044","S2M_both","Sub.5"
"858","Otu0048","S2M_both","Sub.5"
"859","Otu0049","S2M_both","Sub.5"
"860","Otu0050","S2M_both","Sub.5"
"861","Otu0054","S2M_both","Sub.5"
"862","Otu0055","S2M_both","Sub.5"
"863","Otu0056","S2M_both","Sub.5"
"864","Otu0058","S2M_both","Sub.5"
"865","Otu0059","S2M_both","Sub.5"
"866","Otu0061","S2M_both","Sub.5"
"867","Otu0062","S2M_both","Sub.5"
"868","Otu0067","S2M_both","Sub.5"
"869","Otu0069","S2M_both","Sub.5"
"870","Otu0070","S2M_both","Sub.5"
"871","Otu0073","S2M_both","Sub.5"
"872","Otu0076","S2M_both","Sub.5"
"873","Otu0077","S2M_both","Sub.5"
"874","Otu0078","S2M_both","Sub.5"
"875","Otu0082","S2M_both","Sub.5"
"876","Otu0092","S2M_both","Sub.5"
"877","Otu0093","S2M_both","Sub.5"
"878","Otu0097","S2M_both","Sub.5"
"879","Otu0105","S2M_both","Sub.5"
"880","Otu0110","S2M_both","Sub.5"
"881","Otu0127","S2M_both","Sub.5"
"882","Otu0130","S2M_both","Sub.5"
"883","Otu0132","S2M_both","Sub.5"
"884","Otu0139","S2M_both","Sub.5"
"885","Otu0156","S2M_both","Sub.5"
"886","Otu0158","S2M_both","Sub.5"
"887","Otu0165","S2M_both","Sub.5"
"888","Otu0182","S2M_both","Sub.5"
"889","Otu0185","S2M_both","Sub.5"
"890","Otu0193","S2M_both","Sub.5"
"891","Otu0211","S2M_both","Sub.5"
"892","Otu0216","S2M_both","Sub.5"
"893","Otu0223","S2M_both","Sub.5"
"894","Otu0228","S2M_both","Sub.5"
"895","Otu0229","S2M_both","Sub.5"
"896","Otu0276","S2M_both","Sub.5"
"897","Otu0292","S2M_both","Sub.5"
"898","Otu0351","S2M_both","Sub.5"
"899","Otu0386","S2M_both","Sub.5"
"900","Otu0388","S2M_both","Sub.5"
"901","Otu0402","S2M_both","Sub.5"
"902","Otu0410","S2M_both","Sub.5"
"903","Otu0453","S2M_both","Sub.5"
"904","Otu0481","S2M_both","Sub.5"
"905","Otu0497","S2M_both","Sub.5"
"906","Otu0010","S2M_S2only","Sub.5"
"907","Otu0030","S2M_S2only","Sub.5"
"908","Otu0037","S2M_S2only","Sub.5"
"909","Otu0041","S2M_S2only","Sub.5"
"910","Otu0046","S2M_S2only","Sub.5"
"911","Otu0072","S2M_S2only","Sub.5"
"912","Otu0079","S2M_S2only","Sub.5"
"913","Otu0080","S2M_S2only","Sub.5"
"914","Otu0090","S2M_S2only","Sub.5"
"915","Otu0095","S2M_S2only","Sub.5"
"916","Otu0117","S2M_S2only","Sub.5"
"917","Otu0118","S2M_S2only","Sub.5"
"918","Otu0125","S2M_S2only","Sub.5"
"919","Otu0133","S2M_S2only","Sub.5"
"920","Otu0135","S2M_S2only","Sub.5"
"921","Otu0149","S2M_S2only","Sub.5"
"922","Otu0159","S2M_S2only","Sub.5"
"923","Otu0179","S2M_S2only","Sub.5"
"924","Otu0226","S2M_S2only","Sub.5"
"925","Otu0250","S2M_S2only","Sub.5"
"926","Otu0302","S2M_S2only","Sub.5"
"927","Otu0336","S2M_S2only","Sub.5"
"928","Otu0375","S2M_S2only","Sub.5"
"929","Otu0051","S2M_Monly","Sub.5"
"930","Otu0053","S2M_Monly","Sub.5"
"931","Otu0063","S2M_Monly","Sub.5"
"932","Otu0088","S2M_Monly","Sub.5"
"933","Otu0096","S2M_Monly","Sub.5"
"934","Otu0099","S2M_Monly","Sub.5"
"935","Otu0108","S2M_Monly","Sub.5"
"936","Otu0122","S2M_Monly","Sub.5"
"937","Otu0136","S2M_Monly","Sub.5"
"938","Otu0169","S2M_Monly","Sub.5"
"939","Otu0221","S2M_Monly","Sub.5"
"940","Otu0305","S2M_Monly","Sub.5"
"941","Otu0322","S2M_Monly","Sub.5"
"942","Otu0335","S2M_Monly","Sub.5"
"943","Otu0001","S12_both","Sub.6"
"944","Otu0002","S12_both","Sub.6"
"945","Otu0006","S12_both","Sub.6"
"946","Otu0008","S12_both","Sub.6"
"947","Otu0012","S12_both","Sub.6"
"948","Otu0015","S12_both","Sub.6"
"949","Otu0016","S12_both","Sub.6"
"950","Otu0017","S12_both","Sub.6"
"951","Otu0019","S12_both","Sub.6"
"952","Otu0020","S12_both","Sub.6"
"953","Otu0024","S12_both","Sub.6"
"954","Otu0026","S12_both","Sub.6"
"955","Otu0027","S12_both","Sub.6"
"956","Otu0028","S12_both","Sub.6"
"957","Otu0029","S12_both","Sub.6"
"958","Otu0031","S12_both","Sub.6"
"959","Otu0032","S12_both","Sub.6"
"960","Otu0038","S12_both","Sub.6"
"961","Otu0044","S12_both","Sub.6"
"962","Otu0046","S12_both","Sub.6"
"963","Otu0047","S12_both","Sub.6"
"964","Otu0049","S12_both","Sub.6"
"965","Otu0055","S12_both","Sub.6"
"966","Otu0058","S12_both","Sub.6"
"967","Otu0059","S12_both","Sub.6"
"968","Otu0062","S12_both","Sub.6"
"969","Otu0068","S12_both","Sub.6"
"970","Otu0070","S12_both","Sub.6"
"971","Otu0071","S12_both","Sub.6"
"972","Otu0072","S12_both","Sub.6"
"973","Otu0074","S12_both","Sub.6"
"974","Otu0075","S12_both","Sub.6"
"975","Otu0077","S12_both","Sub.6"
"976","Otu0084","S12_both","Sub.6"
"977","Otu0090","S12_both","Sub.6"
"978","Otu0091","S12_both","Sub.6"
"979","Otu0094","S12_both","Sub.6"
"980","Otu0098","S12_both","Sub.6"
"981","Otu0102","S12_both","Sub.6"
"982","Otu0103","S12_both","Sub.6"
"983","Otu0113","S12_both","Sub.6"
"984","Otu0121","S12_both","Sub.6"
"985","Otu0132","S12_both","Sub.6"
"986","Otu0143","S12_both","Sub.6"
"987","Otu0144","S12_both","Sub.6"
"988","Otu0148","S12_both","Sub.6"
"989","Otu0156","S12_both","Sub.6"
"990","Otu0158","S12_both","Sub.6"
"991","Otu0165","S12_both","Sub.6"
"992","Otu0166","S12_both","Sub.6"
"993","Otu0169","S12_both","Sub.6"
"994","Otu0184","S12_both","Sub.6"
"995","Otu0188","S12_both","Sub.6"
"996","Otu0194","S12_both","Sub.6"
"997","Otu0196","S12_both","Sub.6"
"998","Otu0199","S12_both","Sub.6"
"999","Otu0201","S12_both","Sub.6"
"1000","Otu0212","S12_both","Sub.6"
"1001","Otu0217","S12_both","Sub.6"
"1002","Otu0227","S12_both","Sub.6"
"1003","Otu0229","S12_both","Sub.6"
"1004","Otu0240","S12_both","Sub.6"
"1005","Otu0251","S12_both","Sub.6"
"1006","Otu0270","S12_both","Sub.6"
"1007","Otu0299","S12_both","Sub.6"
"1008","Otu0303","S12_both","Sub.6"
"1009","Otu0335","S12_both","Sub.6"
"1010","Otu0373","S12_both","Sub.6"
"1011","Otu0385","S12_both","Sub.6"
"1012","Otu0403","S12_both","Sub.6"
"1013","Otu0416","S12_both","Sub.6"
"1014","Otu0442","S12_both","Sub.6"
"1015","Otu0473","S12_both","Sub.6"
"1016","Otu0476","S12_both","Sub.6"
"1017","Otu0640","S12_both","Sub.6"
"1018","Otu0001","S2M_both","Sub.6"
"1019","Otu0002","S2M_both","Sub.6"
"1020","Otu0006","S2M_both","Sub.6"
"1021","Otu0008","S2M_both","Sub.6"
"1022","Otu0012","S2M_both","Sub.6"
"1023","Otu0015","S2M_both","Sub.6"
"1024","Otu0016","S2M_both","Sub.6"
"1025","Otu0017","S2M_both","Sub.6"
"1026","Otu0019","S2M_both","Sub.6"
"1027","Otu0020","S2M_both","Sub.6"
"1028","Otu0024","S2M_both","Sub.6"
"1029","Otu0027","S2M_both","Sub.6"
"1030","Otu0028","S2M_both","Sub.6"
"1031","Otu0029","S2M_both","Sub.6"
"1032","Otu0031","S2M_both","Sub.6"
"1033","Otu0037","S2M_both","Sub.6"
"1034","Otu0038","S2M_both","Sub.6"
"1035","Otu0044","S2M_both","Sub.6"
"1036","Otu0047","S2M_both","Sub.6"
"1037","Otu0049","S2M_both","Sub.6"
"1038","Otu0055","S2M_both","Sub.6"
"1039","Otu0058","S2M_both","Sub.6"
"1040","Otu0059","S2M_both","Sub.6"
"1041","Otu0062","S2M_both","Sub.6"
"1042","Otu0068","S2M_both","Sub.6"
"1043","Otu0070","S2M_both","Sub.6"
"1044","Otu0071","S2M_both","Sub.6"
"1045","Otu0072","S2M_both","Sub.6"
"1046","Otu0074","S2M_both","Sub.6"
"1047","Otu0077","S2M_both","Sub.6"
"1048","Otu0091","S2M_both","Sub.6"
"1049","Otu0092","S2M_both","Sub.6"
"1050","Otu0098","S2M_both","Sub.6"
"1051","Otu0102","S2M_both","Sub.6"
"1052","Otu0103","S2M_both","Sub.6"
"1053","Otu0113","S2M_both","Sub.6"
"1054","Otu0121","S2M_both","Sub.6"
"1055","Otu0122","S2M_both","Sub.6"
"1056","Otu0132","S2M_both","Sub.6"
"1057","Otu0143","S2M_both","Sub.6"
"1058","Otu0148","S2M_both","Sub.6"
"1059","Otu0154","S2M_both","Sub.6"
"1060","Otu0156","S2M_both","Sub.6"
"1061","Otu0158","S2M_both","Sub.6"
"1062","Otu0165","S2M_both","Sub.6"
"1063","Otu0166","S2M_both","Sub.6"
"1064","Otu0169","S2M_both","Sub.6"
"1065","Otu0188","S2M_both","Sub.6"
"1066","Otu0194","S2M_both","Sub.6"
"1067","Otu0196","S2M_both","Sub.6"
"1068","Otu0199","S2M_both","Sub.6"
"1069","Otu0201","S2M_both","Sub.6"
"1070","Otu0212","S2M_both","Sub.6"
"1071","Otu0217","S2M_both","Sub.6"
"1072","Otu0218","S2M_both","Sub.6"
"1073","Otu0229","S2M_both","Sub.6"
"1074","Otu0240","S2M_both","Sub.6"
"1075","Otu0251","S2M_both","Sub.6"
"1076","Otu0270","S2M_both","Sub.6"
"1077","Otu0303","S2M_both","Sub.6"
"1078","Otu0312","S2M_both","Sub.6"
"1079","Otu0317","S2M_both","Sub.6"
"1080","Otu0335","S2M_both","Sub.6"
"1081","Otu0365","S2M_both","Sub.6"
"1082","Otu0373","S2M_both","Sub.6"
"1083","Otu0385","S2M_both","Sub.6"
"1084","Otu0403","S2M_both","Sub.6"
"1085","Otu0410","S2M_both","Sub.6"
"1086","Otu0416","S2M_both","Sub.6"
"1087","Otu0476","S2M_both","Sub.6"
"1088","Otu0498","S2M_both","Sub.6"
"1089","Otu0545","S2M_both","Sub.6"
"1090","Otu0640","S2M_both","Sub.6"
"1091","Otu0689","S2M_both","Sub.6"
"1092","Otu0026","S2M_S2only","Sub.6"
"1093","Otu0032","S2M_S2only","Sub.6"
"1094","Otu0046","S2M_S2only","Sub.6"
"1095","Otu0084","S2M_S2only","Sub.6"
"1096","Otu0090","S2M_S2only","Sub.6"
"1097","Otu0094","S2M_S2only","Sub.6"
"1098","Otu0227","S2M_S2only","Sub.6"
"1099","Otu0299","S2M_S2only","Sub.6"
"1100","Otu0442","S2M_S2only","Sub.6"
"1101","Otu0473","S2M_S2only","Sub.6"
"1102","Otu0553","S2M_Monly","Sub.6"
"1103","Otu0001","S12_both","Sub.7"
"1104","Otu0002","S12_both","Sub.7"
"1105","Otu0003","S12_both","Sub.7"
"1106","Otu0005","S12_both","Sub.7"
"1107","Otu0006","S12_both","Sub.7"
"1108","Otu0007","S12_both","Sub.7"
"1109","Otu0009","S12_both","Sub.7"
"1110","Otu0011","S12_both","Sub.7"
"1111","Otu0012","S12_both","Sub.7"
"1112","Otu0013","S12_both","Sub.7"
"1113","Otu0014","S12_both","Sub.7"
"1114","Otu0016","S12_both","Sub.7"
"1115","Otu0018","S12_both","Sub.7"
"1116","Otu0021","S12_both","Sub.7"
"1117","Otu0025","S12_both","Sub.7"
"1118","Otu0026","S12_both","Sub.7"
"1119","Otu0027","S12_both","Sub.7"
"1120","Otu0030","S12_both","Sub.7"
"1121","Otu0031","S12_both","Sub.7"
"1122","Otu0032","S12_both","Sub.7"
"1123","Otu0033","S12_both","Sub.7"
"1124","Otu0034","S12_both","Sub.7"
"1125","Otu0035","S12_both","Sub.7"
"1126","Otu0036","S12_both","Sub.7"
"1127","Otu0037","S12_both","Sub.7"
"1128","Otu0039","S12_both","Sub.7"
"1129","Otu0040","S12_both","Sub.7"
"1130","Otu0041","S12_both","Sub.7"
"1131","Otu0042","S12_both","Sub.7"
"1132","Otu0049","S12_both","Sub.7"
"1133","Otu0050","S12_both","Sub.7"
"1134","Otu0051","S12_both","Sub.7"
"1135","Otu0060","S12_both","Sub.7"
"1136","Otu0062","S12_both","Sub.7"
"1137","Otu0065","S12_both","Sub.7"
"1138","Otu0067","S12_both","Sub.7"
"1139","Otu0072","S12_both","Sub.7"
"1140","Otu0073","S12_both","Sub.7"
"1141","Otu0076","S12_both","Sub.7"
"1142","Otu0082","S12_both","Sub.7"
"1143","Otu0083","S12_both","Sub.7"
"1144","Otu0087","S12_both","Sub.7"
"1145","Otu0097","S12_both","Sub.7"
"1146","Otu0098","S12_both","Sub.7"
"1147","Otu0102","S12_both","Sub.7"
"1148","Otu0105","S12_both","Sub.7"
"1149","Otu0107","S12_both","Sub.7"
"1150","Otu0110","S12_both","Sub.7"
"1151","Otu0112","S12_both","Sub.7"
"1152","Otu0116","S12_both","Sub.7"
"1153","Otu0117","S12_both","Sub.7"
"1154","Otu0124","S12_both","Sub.7"
"1155","Otu0127","S12_both","Sub.7"
"1156","Otu0137","S12_both","Sub.7"
"1157","Otu0149","S12_both","Sub.7"
"1158","Otu0153","S12_both","Sub.7"
"1159","Otu0168","S12_both","Sub.7"
"1160","Otu0174","S12_both","Sub.7"
"1161","Otu0182","S12_both","Sub.7"
"1162","Otu0206","S12_both","Sub.7"
"1163","Otu0226","S12_both","Sub.7"
"1164","Otu0232","S12_both","Sub.7"
"1165","Otu0290","S12_both","Sub.7"
"1166","Otu0466","S12_both","Sub.7"
"1167","Otu0001","S2M_both","Sub.7"
"1168","Otu0002","S2M_both","Sub.7"
"1169","Otu0003","S2M_both","Sub.7"
"1170","Otu0004","S2M_both","Sub.7"
"1171","Otu0005","S2M_both","Sub.7"
"1172","Otu0006","S2M_both","Sub.7"
"1173","Otu0007","S2M_both","Sub.7"
"1174","Otu0009","S2M_both","Sub.7"
"1175","Otu0011","S2M_both","Sub.7"
"1176","Otu0012","S2M_both","Sub.7"
"1177","Otu0013","S2M_both","Sub.7"
"1178","Otu0014","S2M_both","Sub.7"
"1179","Otu0015","S2M_both","Sub.7"
"1180","Otu0016","S2M_both","Sub.7"
"1181","Otu0017","S2M_both","Sub.7"
"1182","Otu0018","S2M_both","Sub.7"
"1183","Otu0019","S2M_both","Sub.7"
"1184","Otu0020","S2M_both","Sub.7"
"1185","Otu0021","S2M_both","Sub.7"
"1186","Otu0025","S2M_both","Sub.7"
"1187","Otu0026","S2M_both","Sub.7"
"1188","Otu0027","S2M_both","Sub.7"
"1189","Otu0028","S2M_both","Sub.7"
"1190","Otu0030","S2M_both","Sub.7"
"1191","Otu0031","S2M_both","Sub.7"
"1192","Otu0032","S2M_both","Sub.7"
"1193","Otu0033","S2M_both","Sub.7"
"1194","Otu0034","S2M_both","Sub.7"
"1195","Otu0035","S2M_both","Sub.7"
"1196","Otu0039","S2M_both","Sub.7"
"1197","Otu0040","S2M_both","Sub.7"
"1198","Otu0041","S2M_both","Sub.7"
"1199","Otu0042","S2M_both","Sub.7"
"1200","Otu0048","S2M_both","Sub.7"
"1201","Otu0050","S2M_both","Sub.7"
"1202","Otu0051","S2M_both","Sub.7"
"1203","Otu0054","S2M_both","Sub.7"
"1204","Otu0055","S2M_both","Sub.7"
"1205","Otu0060","S2M_both","Sub.7"
"1206","Otu0062","S2M_both","Sub.7"
"1207","Otu0063","S2M_both","Sub.7"
"1208","Otu0069","S2M_both","Sub.7"
"1209","Otu0070","S2M_both","Sub.7"
"1210","Otu0073","S2M_both","Sub.7"
"1211","Otu0074","S2M_both","Sub.7"
"1212","Otu0076","S2M_both","Sub.7"
"1213","Otu0078","S2M_both","Sub.7"
"1214","Otu0088","S2M_both","Sub.7"
"1215","Otu0098","S2M_both","Sub.7"
"1216","Otu0101","S2M_both","Sub.7"
"1217","Otu0102","S2M_both","Sub.7"
"1218","Otu0104","S2M_both","Sub.7"
"1219","Otu0105","S2M_both","Sub.7"
"1220","Otu0107","S2M_both","Sub.7"
"1221","Otu0110","S2M_both","Sub.7"
"1222","Otu0113","S2M_both","Sub.7"
"1223","Otu0116","S2M_both","Sub.7"
"1224","Otu0117","S2M_both","Sub.7"
"1225","Otu0122","S2M_both","Sub.7"
"1226","Otu0124","S2M_both","Sub.7"
"1227","Otu0127","S2M_both","Sub.7"
"1228","Otu0132","S2M_both","Sub.7"
"1229","Otu0136","S2M_both","Sub.7"
"1230","Otu0149","S2M_both","Sub.7"
"1231","Otu0153","S2M_both","Sub.7"
"1232","Otu0162","S2M_both","Sub.7"
"1233","Otu0182","S2M_both","Sub.7"
"1234","Otu0185","S2M_both","Sub.7"
"1235","Otu0217","S2M_both","Sub.7"
"1236","Otu0218","S2M_both","Sub.7"
"1237","Otu0226","S2M_both","Sub.7"
"1238","Otu0229","S2M_both","Sub.7"
"1239","Otu0290","S2M_both","Sub.7"
"1240","Otu0340","S2M_both","Sub.7"
"1241","Otu0036","S2M_S2only","Sub.7"
"1242","Otu0037","S2M_S2only","Sub.7"
"1243","Otu0049","S2M_S2only","Sub.7"
"1244","Otu0065","S2M_S2only","Sub.7"
"1245","Otu0067","S2M_S2only","Sub.7"
"1246","Otu0072","S2M_S2only","Sub.7"
"1247","Otu0082","S2M_S2only","Sub.7"
"1248","Otu0083","S2M_S2only","Sub.7"
"1249","Otu0087","S2M_S2only","Sub.7"
"1250","Otu0097","S2M_S2only","Sub.7"
"1251","Otu0112","S2M_S2only","Sub.7"
"1252","Otu0137","S2M_S2only","Sub.7"
"1253","Otu0168","S2M_S2only","Sub.7"
"1254","Otu0174","S2M_S2only","Sub.7"
"1255","Otu0206","S2M_S2only","Sub.7"
"1256","Otu0232","S2M_S2only","Sub.7"
"1257","Otu0466","S2M_S2only","Sub.7"
"1258","Otu0386","S2M_Monly","Sub.7"
"1259","Otu0001","S12_both","Sub.8"
"1260","Otu0003","S12_both","Sub.8"
"1261","Otu0004","S12_both","Sub.8"
"1262","Otu0005","S12_both","Sub.8"
"1263","Otu0006","S12_both","Sub.8"
"1264","Otu0007","S12_both","Sub.8"
"1265","Otu0010","S12_both","Sub.8"
"1266","Otu0011","S12_both","Sub.8"
"1267","Otu0012","S12_both","Sub.8"
"1268","Otu0013","S12_both","Sub.8"
"1269","Otu0016","S12_both","Sub.8"
"1270","Otu0018","S12_both","Sub.8"
"1271","Otu0019","S12_both","Sub.8"
"1272","Otu0021","S12_both","Sub.8"
"1273","Otu0023","S12_both","Sub.8"
"1274","Otu0025","S12_both","Sub.8"
"1275","Otu0026","S12_both","Sub.8"
"1276","Otu0028","S12_both","Sub.8"
"1277","Otu0030","S12_both","Sub.8"
"1278","Otu0032","S12_both","Sub.8"
"1279","Otu0033","S12_both","Sub.8"
"1280","Otu0034","S12_both","Sub.8"
"1281","Otu0035","S12_both","Sub.8"
"1282","Otu0036","S12_both","Sub.8"
"1283","Otu0037","S12_both","Sub.8"
"1284","Otu0039","S12_both","Sub.8"
"1285","Otu0041","S12_both","Sub.8"
"1286","Otu0044","S12_both","Sub.8"
"1287","Otu0045","S12_both","Sub.8"
"1288","Otu0046","S12_both","Sub.8"
"1289","Otu0047","S12_both","Sub.8"
"1290","Otu0049","S12_both","Sub.8"
"1291","Otu0050","S12_both","Sub.8"
"1292","Otu0054","S12_both","Sub.8"
"1293","Otu0055","S12_both","Sub.8"
"1294","Otu0057","S12_both","Sub.8"
"1295","Otu0058","S12_both","Sub.8"
"1296","Otu0060","S12_both","Sub.8"
"1297","Otu0061","S12_both","Sub.8"
"1298","Otu0062","S12_both","Sub.8"
"1299","Otu0067","S12_both","Sub.8"
"1300","Otu0070","S12_both","Sub.8"
"1301","Otu0080","S12_both","Sub.8"
"1302","Otu0081","S12_both","Sub.8"
"1303","Otu0083","S12_both","Sub.8"
"1304","Otu0087","S12_both","Sub.8"
"1305","Otu0090","S12_both","Sub.8"
"1306","Otu0093","S12_both","Sub.8"
"1307","Otu0095","S12_both","Sub.8"
"1308","Otu0097","S12_both","Sub.8"
"1309","Otu0100","S12_both","Sub.8"
"1310","Otu0102","S12_both","Sub.8"
"1311","Otu0104","S12_both","Sub.8"
"1312","Otu0106","S12_both","Sub.8"
"1313","Otu0107","S12_both","Sub.8"
"1314","Otu0108","S12_both","Sub.8"
"1315","Otu0109","S12_both","Sub.8"
"1316","Otu0110","S12_both","Sub.8"
"1317","Otu0111","S12_both","Sub.8"
"1318","Otu0117","S12_both","Sub.8"
"1319","Otu0118","S12_both","Sub.8"
"1320","Otu0120","S12_both","Sub.8"
"1321","Otu0123","S12_both","Sub.8"
"1322","Otu0125","S12_both","Sub.8"
"1323","Otu0126","S12_both","Sub.8"
"1324","Otu0127","S12_both","Sub.8"
"1325","Otu0128","S12_both","Sub.8"
"1326","Otu0129","S12_both","Sub.8"
"1327","Otu0135","S12_both","Sub.8"
"1328","Otu0137","S12_both","Sub.8"
"1329","Otu0140","S12_both","Sub.8"
"1330","Otu0147","S12_both","Sub.8"
"1331","Otu0155","S12_both","Sub.8"
"1332","Otu0157","S12_both","Sub.8"
"1333","Otu0165","S12_both","Sub.8"
"1334","Otu0167","S12_both","Sub.8"
"1335","Otu0170","S12_both","Sub.8"
"1336","Otu0175","S12_both","Sub.8"
"1337","Otu0176","S12_both","Sub.8"
"1338","Otu0179","S12_both","Sub.8"
"1339","Otu0180","S12_both","Sub.8"
"1340","Otu0182","S12_both","Sub.8"
"1341","Otu0186","S12_both","Sub.8"
"1342","Otu0189","S12_both","Sub.8"
"1343","Otu0200","S12_both","Sub.8"
"1344","Otu0201","S12_both","Sub.8"
"1345","Otu0205","S12_both","Sub.8"
"1346","Otu0206","S12_both","Sub.8"
"1347","Otu0211","S12_both","Sub.8"
"1348","Otu0213","S12_both","Sub.8"
"1349","Otu0214","S12_both","Sub.8"
"1350","Otu0216","S12_both","Sub.8"
"1351","Otu0220","S12_both","Sub.8"
"1352","Otu0222","S12_both","Sub.8"
"1353","Otu0224","S12_both","Sub.8"
"1354","Otu0226","S12_both","Sub.8"
"1355","Otu0229","S12_both","Sub.8"
"1356","Otu0231","S12_both","Sub.8"
"1357","Otu0236","S12_both","Sub.8"
"1358","Otu0239","S12_both","Sub.8"
"1359","Otu0250","S12_both","Sub.8"
"1360","Otu0252","S12_both","Sub.8"
"1361","Otu0253","S12_both","Sub.8"
"1362","Otu0256","S12_both","Sub.8"
"1363","Otu0258","S12_both","Sub.8"
"1364","Otu0267","S12_both","Sub.8"
"1365","Otu0274","S12_both","Sub.8"
"1366","Otu0279","S12_both","Sub.8"
"1367","Otu0301","S12_both","Sub.8"
"1368","Otu0309","S12_both","Sub.8"
"1369","Otu0310","S12_both","Sub.8"
"1370","Otu0316","S12_both","Sub.8"
"1371","Otu0319","S12_both","Sub.8"
"1372","Otu0324","S12_both","Sub.8"
"1373","Otu0345","S12_both","Sub.8"
"1374","Otu0347","S12_both","Sub.8"
"1375","Otu0397","S12_both","Sub.8"
"1376","Otu0411","S12_both","Sub.8"
"1377","Otu0419","S12_both","Sub.8"
"1378","Otu0284","S12_S2only","Sub.8"
"1379","Otu0001","S2M_both","Sub.8"
"1380","Otu0002","S2M_both","Sub.8"
"1381","Otu0003","S2M_both","Sub.8"
"1382","Otu0004","S2M_both","Sub.8"
"1383","Otu0005","S2M_both","Sub.8"
"1384","Otu0006","S2M_both","Sub.8"
"1385","Otu0007","S2M_both","Sub.8"
"1386","Otu0008","S2M_both","Sub.8"
"1387","Otu0010","S2M_both","Sub.8"
"1388","Otu0011","S2M_both","Sub.8"
"1389","Otu0012","S2M_both","Sub.8"
"1390","Otu0013","S2M_both","Sub.8"
"1391","Otu0016","S2M_both","Sub.8"
"1392","Otu0017","S2M_both","Sub.8"
"1393","Otu0018","S2M_both","Sub.8"
"1394","Otu0019","S2M_both","Sub.8"
"1395","Otu0020","S2M_both","Sub.8"
"1396","Otu0021","S2M_both","Sub.8"
"1397","Otu0025","S2M_both","Sub.8"
"1398","Otu0026","S2M_both","Sub.8"
"1399","Otu0028","S2M_both","Sub.8"
"1400","Otu0031","S2M_both","Sub.8"
"1401","Otu0032","S2M_both","Sub.8"
"1402","Otu0033","S2M_both","Sub.8"
"1403","Otu0034","S2M_both","Sub.8"
"1404","Otu0035","S2M_both","Sub.8"
"1405","Otu0039","S2M_both","Sub.8"
"1406","Otu0044","S2M_both","Sub.8"
"1407","Otu0045","S2M_both","Sub.8"
"1408","Otu0047","S2M_both","Sub.8"
"1409","Otu0049","S2M_both","Sub.8"
"1410","Otu0050","S2M_both","Sub.8"
"1411","Otu0054","S2M_both","Sub.8"
"1412","Otu0055","S2M_both","Sub.8"
"1413","Otu0057","S2M_both","Sub.8"
"1414","Otu0058","S2M_both","Sub.8"
"1415","Otu0059","S2M_both","Sub.8"
"1416","Otu0060","S2M_both","Sub.8"
"1417","Otu0061","S2M_both","Sub.8"
"1418","Otu0062","S2M_both","Sub.8"
"1419","Otu0067","S2M_both","Sub.8"
"1420","Otu0070","S2M_both","Sub.8"
"1421","Otu0074","S2M_both","Sub.8"
"1422","Otu0078","S2M_both","Sub.8"
"1423","Otu0081","S2M_both","Sub.8"
"1424","Otu0087","S2M_both","Sub.8"
"1425","Otu0090","S2M_both","Sub.8"
"1426","Otu0092","S2M_both","Sub.8"
"1427","Otu0093","S2M_both","Sub.8"
"1428","Otu0095","S2M_both","Sub.8"
"1429","Otu0096","S2M_both","Sub.8"
"1430","Otu0100","S2M_both","Sub.8"
"1431","Otu0102","S2M_both","Sub.8"
"1432","Otu0103","S2M_both","Sub.8"
"1433","Otu0104","S2M_both","Sub.8"
"1434","Otu0107","S2M_both","Sub.8"
"1435","Otu0109","S2M_both","Sub.8"
"1436","Otu0110","S2M_both","Sub.8"
"1437","Otu0113","S2M_both","Sub.8"
"1438","Otu0122","S2M_both","Sub.8"
"1439","Otu0123","S2M_both","Sub.8"
"1440","Otu0125","S2M_both","Sub.8"
"1441","Otu0126","S2M_both","Sub.8"
"1442","Otu0127","S2M_both","Sub.8"
"1443","Otu0128","S2M_both","Sub.8"
"1444","Otu0129","S2M_both","Sub.8"
"1445","Otu0137","S2M_both","Sub.8"
"1446","Otu0139","S2M_both","Sub.8"
"1447","Otu0140","S2M_both","Sub.8"
"1448","Otu0143","S2M_both","Sub.8"
"1449","Otu0147","S2M_both","Sub.8"
"1450","Otu0165","S2M_both","Sub.8"
"1451","Otu0175","S2M_both","Sub.8"
"1452","Otu0176","S2M_both","Sub.8"
"1453","Otu0180","S2M_both","Sub.8"
"1454","Otu0182","S2M_both","Sub.8"
"1455","Otu0185","S2M_both","Sub.8"
"1456","Otu0201","S2M_both","Sub.8"
"1457","Otu0206","S2M_both","Sub.8"
"1458","Otu0212","S2M_both","Sub.8"
"1459","Otu0222","S2M_both","Sub.8"
"1460","Otu0236","S2M_both","Sub.8"
"1461","Otu0239","S2M_both","Sub.8"
"1462","Otu0244","S2M_both","Sub.8"
"1463","Otu0250","S2M_both","Sub.8"
"1464","Otu0256","S2M_both","Sub.8"
"1465","Otu0284","S2M_both","Sub.8"
"1466","Otu0310","S2M_both","Sub.8"
"1467","Otu0316","S2M_both","Sub.8"
"1468","Otu0023","S2M_S2only","Sub.8"
"1469","Otu0030","S2M_S2only","Sub.8"
"1470","Otu0036","S2M_S2only","Sub.8"
"1471","Otu0037","S2M_S2only","Sub.8"
"1472","Otu0041","S2M_S2only","Sub.8"
"1473","Otu0046","S2M_S2only","Sub.8"
"1474","Otu0080","S2M_S2only","Sub.8"
"1475","Otu0083","S2M_S2only","Sub.8"
"1476","Otu0097","S2M_S2only","Sub.8"
"1477","Otu0106","S2M_S2only","Sub.8"
"1478","Otu0108","S2M_S2only","Sub.8"
"1479","Otu0111","S2M_S2only","Sub.8"
"1480","Otu0117","S2M_S2only","Sub.8"
"1481","Otu0118","S2M_S2only","Sub.8"
"1482","Otu0120","S2M_S2only","Sub.8"
"1483","Otu0135","S2M_S2only","Sub.8"
"1484","Otu0170","S2M_S2only","Sub.8"
"1485","Otu0179","S2M_S2only","Sub.8"
"1486","Otu0186","S2M_S2only","Sub.8"
"1487","Otu0189","S2M_S2only","Sub.8"
"1488","Otu0200","S2M_S2only","Sub.8"
"1489","Otu0205","S2M_S2only","Sub.8"
"1490","Otu0211","S2M_S2only","Sub.8"
"1491","Otu0213","S2M_S2only","Sub.8"
"1492","Otu0214","S2M_S2only","Sub.8"
"1493","Otu0216","S2M_S2only","Sub.8"
"1494","Otu0220","S2M_S2only","Sub.8"
"1495","Otu0224","S2M_S2only","Sub.8"
"1496","Otu0226","S2M_S2only","Sub.8"
"1497","Otu0229","S2M_S2only","Sub.8"
"1498","Otu0231","S2M_S2only","Sub.8"
"1499","Otu0252","S2M_S2only","Sub.8"
"1500","Otu0258","S2M_S2only","Sub.8"
"1501","Otu0267","S2M_S2only","Sub.8"
"1502","Otu0274","S2M_S2only","Sub.8"
"1503","Otu0279","S2M_S2only","Sub.8"
"1504","Otu0301","S2M_S2only","Sub.8"
"1505","Otu0309","S2M_S2only","Sub.8"
"1506","Otu0319","S2M_S2only","Sub.8"
"1507","Otu0345","S2M_S2only","Sub.8"
"1508","Otu0347","S2M_S2only","Sub.8"
"1509","Otu0397","S2M_S2only","Sub.8"
"1510","Otu0411","S2M_S2only","Sub.8"
"1511","Otu0419","S2M_S2only","Sub.8"
"1512","Otu0022","S2M_Monly","Sub.8"
"1513","Otu0043","S2M_Monly","Sub.8"
"1514","Otu0172","S2M_Monly","Sub.8"
"1515","Otu0219","S2M_Monly","Sub.8"
"1516","Otu0221","S2M_Monly","Sub.8"
"1517","Otu0227","S2M_Monly","Sub.8"
"1518","Otu0271","S2M_Monly","Sub.8"
"1519","Otu0342","S2M_Monly","Sub.8"
"1520","Otu0372","S2M_Monly","Sub.8"
"1521","Otu0433","S2M_Monly","Sub.8"
"1522","Otu0445","S2M_Monly","Sub.8"
"1523","Otu0608","S2M_Monly","Sub.8"
